rgb/1305032353.993165.png, rgb/1305032354.193245.png, 0.0193, 0.0077, 0.0815, 0.996672228436, 0.0525979830627, 0.0607519939119, 0.0128404075475
rgb/1305032354.193245.png, rgb/1305032354.394078.png, 0.0263, 0.0157, 0.1102, -0.998165115247, -0.0463407579225, -0.0376725847811, -0.00627620569262
rgb/1305032354.394078.png, rgb/1305032354.593446.png, 0.0196, 0.0143, 0.1035, 0.997415798841, 0.0417888031764, 0.056044883896, 0.0202949510077
rgb/1305032354.593446.png, rgb/1305032354.793541.png, 0.0055, 0.0089, 0.0837, 0.997589897776, 0.0248112263751, 0.0636116732629, 0.000399335456203
rgb/1305032354.793541.png, rgb/1305032354.993644.png, 0.0001, 0.016, 0.0871, 0.997739688301, 0.0573206465845, 0.0142088350989, -0.033064398196
rgb/1305032354.993644.png, rgb/1305032355.193731.png, -0.0166, 0.0038, 0.0905, 0.99365781972, 0.0865684217053, 0.0284487066597, -0.0656334144874
rgb/1305032355.193731.png, rgb/1305032355.393862.png, -0.0352, -0.0053, 0.0803, 0.993994418714, 0.0298267896421, 0.0391898111735, -0.0982710326831
rgb/1305032355.393862.png, rgb/1305032355.593965.png, -0.0543, 0.0167, 0.0619, 0.997301525033, -0.00398453397273, 0.00973865529841, -0.0725068325853
rgb/1305032355.593965.png, rgb/1305032355.794028.png, -0.0728, 0.0455, 0.0674, 0.9994141314, -0.0192171840709, 9.10397824149e-05, -0.0289412408304
rgb/1305032355.794028.png, rgb/1305032355.994102.png, -0.0675, 0.0506, 0.0413, 0.999273537533, -0.0175961531058, -0.0318813816956, -0.00106057980403
rgb/1305032355.994102.png, rgb/1305032356.194205.png, -0.0556, 0.0428, 0.0149, 0.99808599285, 0.00425407150806, 0.0234020236987, -0.0584432438485
rgb/1305032356.194205.png, rgb/1305032356.394266.png, -0.0581, 0.0231, -0.015, 0.99755432039, -0.049208051675, -0.0134644419323, -0.0467891102027
rgb/1305032356.394266.png, rgb/1305032356.594216.png, -0.0671, 0.0079, -0.0565, 0.995856371506, -0.0682354519567, -0.049624609577, -0.0345705017408
rgb/1305032356.594216.png, rgb/1305032356.794439.png, -0.0793, 0.0172, -0.0989, 0.998671656487, -0.0488793853451, -0.0172078768749, 0.00382443374079
rgb/1305032356.794439.png, rgb/1305032356.994344.png, -0.0633, 0.0161, -0.1164, 0.997384779859, -0.0525343578935, 0.0454865956456, -0.0184712002955
rgb/1305032356.994344.png, rgb/1305032357.194135.png, -0.0484, 0.0127, -0.0977, 0.998079791929, -0.0345956549176, 0.0344777962636, -0.0385397298763
rgb/1305032357.194135.png, rgb/1305032357.394180.png, -0.0321, 0.0206, -0.0952, -0.998288308019, 0.0481456455215, -0.0320061911578, 0.00805265296008
rgb/1305032357.394180.png, rgb/1305032357.594163.png, -0.0121, 0.0199, -0.0927, -0.998654483554, -0.0104220126395, -0.0490648917695, -0.010054494536
rgb/1305032357.594163.png, rgb/1305032357.794161.png, -0.0126, 0.023, -0.0673, 0.999310912588, 0.0265632366856, 0.00229492129197, 0.0248132170698
rgb/1305032357.794161.png, rgb/1305032357.994307.png, -0.0016, 0.0112, -0.0532, 0.999196316937, -0.00538915992853, -0.0102524620513, 0.0394860996813
rgb/1305032357.994307.png, rgb/1305032358.194216.png, 0.0086, -0.0293, -0.0262, -0.99771587011, 0.0631043332418, 0.0233563811331, -0.0018343879429
rgb/1305032358.194216.png, rgb/1305032358.394045.png, 0.0087, -0.0573, -0.0319, 0.998287527786, -0.0494625069729, 0.00148993412931, -0.0317213424364
rgb/1305032358.394045.png, rgb/1305032358.594031.png, -0.0053, -0.0157, -0.041, 0.999879409597, 0.00512861712958, 0.00848315833375, -0.0146618489706
rgb/1305032358.594031.png, rgb/1305032358.794035.png, -0.0022, 0.0143, 0.0231, 0.999979301423, 0.00333658067681, -0.00258246250735, -0.00777253579361
rgb/1305032358.794035.png, rgb/1305032358.994407.png, -0.005, 0.0359, 0.0759, 0.999167347886, 0.00687005486571, -0.0248979920169, -0.0318280005545
rgb/1305032358.994407.png, rgb/1305032359.194261.png, -0.0195, 0.0538, 0.0851, -0.996278190599, -0.0764002102265, 0.0357372032968, -0.0104686225639
rgb/1305032359.194261.png, rgb/1305032359.394278.png, -0.0166, 0.0328, 0.1061, 0.994547266572, 0.0995224184103, -0.0105656379736, 0.0317421277634
rgb/1305032359.394278.png, rgb/1305032359.593965.png, -0.0102, -0.0022, 0.1148, 0.997298040683, 0.0717987544727, -0.0130388263373, 0.00834961255497
rgb/1305032359.593965.png, rgb/1305032359.794035.png, -0.0144, -0.0374, 0.1058, 0.99758085839, 0.0690243060491, 0.00182234821716, -0.00500076325318
rgb/1305032359.794035.png, rgb/1305032359.994161.png, -0.0201, -0.0572, 0.0971, 0.997323907777, 0.0651733629071, -0.0186851665873, -0.0283756773691
rgb/1305032359.994161.png, rgb/1305032360.194272.png, -0.0251, -0.0774, 0.0696, 0.993962793619, 0.0887542572285, -0.0217259356004, -0.0596878574876
rgb/1305032360.194272.png, rgb/1305032360.394240.png, -0.0206, -0.0934, 0.0641, 0.995745517699, 0.0209457459702, -0.0145204404469, -0.0892045516764
rgb/1305032360.394240.png, rgb/1305032360.594303.png, -0.0034, -0.0874, 0.0555, 0.997479352916, 0.00863178785935, -0.0292975301894, -0.0632545207399
rgb/1305032360.594303.png, rgb/1305032360.794210.png, 0.0254, -0.0784, 0.0324, 0.995231905704, -0.0519632815318, 0.00166725395234, -0.0825369708964
rgb/1305032360.794210.png, rgb/1305032360.994081.png, 0.0133, -0.0563, -0.0062, 0.9985508058, 0.00175690358556, 0.013835771991, -0.0524432495191
rgb/1305032360.994081.png, rgb/1305032361.194805.png, -0.0322, -0.0288, -0.0228, 0.997687971663, -0.000407282660767, 0.00951233858766, -0.0667771066765
rgb/1305032361.194805.png, rgb/1305032361.394120.png, -0.098, -0.0098, -0.0403, 0.997054770206, -0.0227769384351, 0.0362747449335, -0.0635987346316
rgb/1305032361.394120.png, rgb/1305032361.594263.png, -0.131, 0.0003, -0.0497, 0.99822894578, -0.0228008930075, 0.0240834412391, -0.0495437157257
rgb/1305032361.594263.png, rgb/1305032361.793966.png, -0.0841, 0.0008, -0.037, 0.997934982149, -0.0368072076317, 0.0530149886651, -0.00582104945356
rgb/1305032361.793966.png, rgb/1305032361.994272.png, -0.0926, -0.0042, -0.0946, 0.996371939776, 0.0196014888547, 0.0589443315613, 0.0578075822228
rgb/1305032361.994272.png, rgb/1305032362.194357.png, -0.0611, -0.016, -0.0965, 0.998044416663, 0.0267094421584, 0.05208944525, 0.0210139833154
rgb/1305032362.194357.png, rgb/1305032362.396276.png, -0.0569, -0.0306, -0.1076, 0.998877188497, 0.0168837944597, 0.0334954064343, -0.0288703542832
rgb/1305032362.396276.png, rgb/1305032362.594165.png, -0.042, -0.0448, -0.0968, 0.998599120334, -0.00572553473084, 0.0378832939362, -0.0370834641607
rgb/1305032362.594165.png, rgb/1305032362.794154.png, -0.0084, -0.0256, -0.0808, 0.999346455804, 0.021184736006, 0.0247261187417, -0.0169477888048
rgb/1305032362.794154.png, rgb/1305032362.994111.png, -0.0036, -0.0178, -0.0571, 0.998494391672, -0.0157454396165, 0.0523138245895, -0.00469837875164
rgb/1305032362.994111.png, rgb/1305032363.194513.png, -0.0026, -0.0052, -0.044, 0.996800962689, -0.0317444710025, 0.069566946901, 0.0205587700635
rgb/1305032363.194513.png, rgb/1305032363.394083.png, -0.0039, 0.0044, -0.0451, -0.998821648886, 0.0102626706398, -0.0460881348228, -0.0118876600801
rgb/1305032363.394083.png, rgb/1305032363.594144.png, -0.0084, 0.0035, -0.0579, -0.999750412437, -0.0224993432788, -0.0070675373426, -0.00470190087276
rgb/1305032363.594144.png, rgb/1305032363.794030.png, -0.0088, -0.0139, -0.0228, -0.99944596487, 0.00437280156307, -0.0180522113211, 0.0272622403649
rgb/1305032363.794030.png, rgb/1305032363.994050.png, -0.0117, -0.0292, 0.0162, 0.999107540415, -0.0321360551412, 0.0238383060234, -0.0134332342729
rgb/1305032363.994050.png, rgb/1305032364.194217.png, -0.0093, -0.0127, 0.0411, 0.998701702577, -0.0221126167513, -0.0180134817409, -0.0410640310793
rgb/1305032364.194217.png, rgb/1305032364.394077.png, -0.0099, -0.0178, 0.0784, 0.993942282011, -0.0171423620034, -0.0835764980792, -0.0701281773226
rgb/1305032364.394077.png, rgb/1305032364.594171.png, -0.0039, -0.0427, 0.1166, -0.991619339449, 0.0424035980139, 0.109933297832, 0.0529388381398
rgb/1305032364.594171.png, rgb/1305032364.793964.png, 0.011, -0.0574, 0.1286, -0.994921421889, 0.0328356784782, 0.0949204608928, 0.00546613644095
rgb/1305032364.793964.png, rgb/1305032364.994009.png, 0.038, -0.0506, 0.1266, 0.997955561396, -0.0177859018517, -0.0552082023946, -0.0272641481037
rgb/1305032364.994009.png, rgb/1305032365.194029.png, 0.0479, -0.0575, 0.0889, 0.998162405396, -0.0162344756395, -0.0477526000591, -0.0317931606185
rgb/1305032365.194029.png, rgb/1305032365.394019.png, 0.0415, -0.0468, 0.0626, 0.997999973357, -0.0256190869641, -0.0322849356796, -0.0485755588267
rgb/1305032365.394019.png, rgb/1305032365.594024.png, 0.0205, -0.0288, 0.0421, 0.999002848977, 0.00432863808017, -0.0127514545948, -0.0445781139436
rgb/1305032365.594024.png, rgb/1305032365.794129.png, 0.0185, -0.0136, 0.028, 0.998990145411, 0.00817453387675, 0.00171504003028, -0.0419424659347
rgb/1305032365.794129.png, rgb/1305032365.994060.png, 0.0324, -0.0175, 0.0149, 0.998816064067, 0.0462583961301, 0.0183884640536, -0.00716619908563
rgb/1305032365.994060.png, rgb/1305032366.194013.png, 0.0475, 0.0026, 0.0434, 0.999587284227, -0.0236068702878, -0.00689366127526, -0.0116731891011
rgb/1305032366.194013.png, rgb/1305032366.394005.png, 0.0501, 0.0218, 0.0406, 0.998071244284, -0.0309380096633, -0.0415196467089, -0.0323161380215
rgb/1305032366.394005.png, rgb/1305032366.594003.png, 0.0326, 0.0102, 0.0097, 0.998259826481, -0.018250454693, -0.0130528465532, -0.0559446099186
rgb/1305032366.594003.png, rgb/1305032366.793956.png, 0.0058, -0.0063, -0.0107, 0.998225899521, 0.00929538095508, -0.0224451374184, -0.0544531422944
rgb/1305032366.793956.png, rgb/1305032366.994018.png, -0.0084, -0.0342, -0.0071, 0.999040098304, 0.0167715412966, 0.002876325292, -0.0400590268147
rgb/1305032366.994018.png, rgb/1305032367.193961.png, -0.0258, -0.0678, -0.0207, 0.998452425929, 0.0438388056656, 0.0298481712871, 0.0134388443202
rgb/1305032367.193961.png, rgb/1305032367.393996.png, -0.0197, -0.0749, -0.0357, 0.998440051318, 0.0276097865951, 0.0483811905941, 0.0129167971166
rgb/1305032367.393996.png, rgb/1305032367.594518.png, -0.0091, -0.0555, -0.0467, 0.99828569283, 0.0442587943285, 0.0334677463504, -0.0123831260443
rgb/1305032367.594518.png, rgb/1305032367.794824.png, 0.0047, -0.0576, -0.0645, 0.999464894205, 0.0219713309507, 0.0135049781641, -0.0236640574513
rgb/1305032367.794824.png, rgb/1305032367.994871.png, 0.023, -0.074, -0.0772, -0.998580212267, -0.041129686499, -0.019167014399, 0.0276417230363
rgb/1305032367.994871.png, rgb/1305032368.194071.png, 0.0153, -0.0581, -0.0759, 0.995893899585, 0.0587151610067, 0.0397711411373, -0.0564617230994
rgb/1305032368.194071.png, rgb/1305032368.394058.png, 0.0082, -0.0225, -0.0791, 0.997714293097, 0.0466678225327, 0.0345308392692, -0.0331046923138
rgb/1305032368.394058.png, rgb/1305032368.594184.png, 0.0186, 0.0009, -0.0786, 0.99622044209, 0.0698360777513, 0.0501401948573, 0.0147619967562
rgb/1305032368.594184.png, rgb/1305032368.794467.png, 0.0171, 0.0001, -0.1051, 0.996373381309, 0.0835323072057, -0.0159011634959, 0.00361269900329
rgb/1305032368.794467.png, rgb/1305032368.993887.png, 0.0157, 0.0026, -0.086, 0.998727452934, 0.0444575494386, -0.00405721499928, -0.0214409051094
rgb/1305032368.993887.png, rgb/1305032369.194412.png, 0.0283, -0.0078, -0.0527, 0.998969873093, 0.045588390966, -0.00878024027661, -0.00571288105162
rgb/1305032369.194412.png, rgb/1305032369.394056.png, 0.0187, -0.0141, -0.0198, 0.999204490817, 0.0348022368331, -0.00653980223743, -0.0175841567241
rgb/1305032369.394056.png, rgb/1305032369.594020.png, 0.0019, 0.0012, -0.0029, 0.999457319895, -0.0151958629197, -0.0116073844733, -0.0262433079203
rgb/1305032369.594020.png, rgb/1305032369.794261.png, -0.0205, -0.0329, 0.02, 0.998966746148, -0.0434275316062, -0.0115480012894, 0.00143997143217
rgb/1305032369.794261.png, rgb/1305032369.994395.png, -0.0288, -0.0436, 0.0085, 0.998315865818, -0.047796221514, -0.0109465771741, 0.0313822659782
rgb/1305032369.994395.png, rgb/1305032370.193920.png, -0.0402, -0.0306, 0.0017, 0.99894094476, -0.0415329576593, -0.0189677029452, 0.0074026265238
rgb/1305032370.193920.png, rgb/1305032370.393973.png, -0.0374, -0.0295, 0.0028, 0.999384595034, -0.0302710723826, -0.0168264523596, 0.00666286549776
rgb/1305032370.393973.png, rgb/1305032370.594668.png, -0.0188, -0.0175, -0.0027, 0.999514410494, -0.0260900461941, -0.00751737754947, 0.0143440700246
rgb/1305032370.594668.png, rgb/1305032370.794212.png, -0.0049, -0.0148, 0.0052, 0.999098144246, -0.0368202449132, -0.0144127419533, 0.0157860907153
rgb/1305032370.794212.png, rgb/1305032370.998556.png, 0.0111, -0.0155, 0.0591, 0.998180976148, -0.0522734633157, -0.0220021756326, -0.0182383783543
rgb/1305032370.998556.png, rgb/1305032371.199209.png, 0.0475, -0.023, 0.1122, 0.996234780838, -0.0808686801273, -0.0308795855228, 0.00447425738127
rgb/1305032371.199209.png, rgb/1305032371.399014.png, 0.0607, 0.003, 0.1541, 0.996950660623, -0.0645084270868, 0.0324045863341, -0.0301602154279
rgb/1305032371.399014.png, rgb/1305032371.594822.png, 0.075, 0.0275, 0.1276, -0.993866012384, 0.100284046171, -0.00173662275302, 0.0470027204153
rgb/1305032371.594822.png, rgb/1305032371.798758.png, 0.1014, 0.0426, 0.0805, 0.996671011397, -0.0693881330667, -0.0128638478122, -0.0398286614985
rgb/1305032371.798758.png, rgb/1305032371.998991.png, 0.1129, 0.0592, 0.0636, 0.997267160435, -0.0270690610194, -0.00493195843741, -0.0694133528803
rgb/1305032371.998991.png, rgb/1305032372.198088.png, 0.0746, 0.0942, 0.0645, 0.996313391363, -0.0148811915721, 0.0286336480554, -0.0797772493161
rgb/1305032372.198088.png, rgb/1305032372.398316.png, 0.017, 0.0971, 0.045, 0.995984523815, -0.0177072225445, 0.0314558950225, -0.081887726076
rgb/1305032372.398316.png, rgb/1305032372.597830.png, -0.0224, 0.0885, 0.0368, 0.998307204919, -0.0342800153247, 0.024248757062, -0.0392080098875
rgb/1305032372.597830.png, rgb/1305032372.797977.png, -0.0283, 0.0781, 0.0358, 0.999253104793, -0.0142054892238, -2.37004825419e-05, -0.0351450555533
rgb/1305032372.797977.png, rgb/1305032372.998908.png, -0.0206, 0.0693, 0.0223, 0.997811382308, 0.0172580623127, -0.0403210694003, -0.0505637641956
rgb/1305032372.998908.png, rgb/1305032373.198396.png, -0.0115, 0.0522, -0.0178, 0.996284246117, -0.0682149582826, -0.0186114683916, -0.0499143401769
rgb/1305032373.198396.png, rgb/1305032373.399036.png, -0.0103, 0.038, -0.0218, 0.997848985125, -0.0553779841402, -0.0149594943393, -0.0310522100757
rgb/1305032373.399036.png, rgb/1305032373.598768.png, -0.0032, 0.0363, -0.0048, 0.999138193432, -0.0314319912165, -0.0252198163714, -0.00784369369099
rgb/1305032373.598768.png, rgb/1305032373.795810.png, 0.0105, 0.0108, -0.0004, 0.999741026386, 0.0187772969519, -0.00766681093644, 0.000126156888971
rgb/1305032373.795810.png, rgb/1305032373.999161.png, 0.036, -0.0419, 0.009, 0.999558103835, 0.0309449925382, -0.000834448291248, -0.00584953872625
rgb/1305032373.999161.png, rgb/1305032374.198898.png, 0.0585, -0.0803, -0.0084, 0.997753990777, 0.06279453078, -0.00263217877324, -0.0220810724862
rgb/1305032374.198898.png, rgb/1305032374.399115.png, 0.0886, -0.1057, -0.0508, 0.996010861202, 0.0394608383983, -0.0588040689786, -0.0552088789496
rgb/1305032374.399115.png, rgb/1305032374.594126.png, 0.1286, -0.1048, -0.0841, 0.996719877391, 0.0339872730187, -0.070305633117, -0.0179080847526
rgb/1305032374.594126.png, rgb/1305032374.794088.png, 0.1266, -0.0829, -0.1053, -0.996903118002, -0.0405494411413, 0.0633229124215, -0.0221639993988
rgb/1305032374.794088.png, rgb/1305032374.994296.png, 0.0843, -0.0575, -0.1183, 0.998563559011, -0.0010732678713, -0.0413180777955, 0.0343054583147
rgb/1305032374.994296.png, rgb/1305032375.193974.png, 0.0384, -0.0395, -0.1054, 0.998336882256, 0.00600532126873, -0.0358649047833, 0.0457550144427
rgb/1305032375.193974.png, rgb/1305032375.401985.png, 0.008, -0.0309, -0.0843, 0.998463393956, 0.0523139944248, -0.0170766037757, -0.00915564726346
rgb/1305032375.401985.png, rgb/1305032375.601458.png, -0.0034, -0.0138, -0.053, 0.996505638934, 0.0643544762997, -0.0355803644099, -0.0381879159619
rgb/1305032375.601458.png, rgb/1305032375.801321.png, 0.0186, 0.0014, -0.068, 0.999462011051, 0.0213959213145, -0.025992138637, -0.00373438094704
rgb/1305032375.801321.png, rgb/1305032375.998887.png, 0.027, -0.0024, -0.0721, 0.998347229452, 0.0235193808846, -0.0501002872129, -0.0129271296385
rgb/1305032375.998887.png, rgb/1305032376.199867.png, 0.0327, -0.0072, -0.0666, 0.998618394454, -0.0140363775091, -0.0514252819344, 0.00581024770434
rgb/1305032376.199867.png, rgb/1305032376.401623.png, 0.0124, -0.0085, -0.0655, 0.999314040712, -0.0114938278413, -0.0312223669525, 0.0148042713665
rgb/1305032376.401623.png, rgb/1305032376.601916.png, -0.0063, -0.006, -0.038, 0.997825280468, 0.0342123806845, -0.0526621522032, 0.0195461161589
rgb/1305032376.601916.png, rgb/1305032376.802316.png, -0.0218, -0.0048, -0.0471, 0.999276856486, 0.0286195190909, -0.0257474051324, -0.00583940837952
rgb/1305032376.802316.png, rgb/1305032376.999109.png, -0.0188, 0.0096, -0.04, 0.999561128737, 0.023184101905, -0.0157648077204, -0.00130539452277
rgb/1305032376.999109.png, rgb/1305032377.201774.png, -0.0146, 0.0153, -0.0294, 0.9998603266, 0.00758323457593, -0.0106156683854, -0.00880276425928
rgb/1305032377.201774.png, rgb/1305032377.401791.png, -0.0039, 0.0066, 0.0123, 0.999925755844, -0.004136191544, 0.00703701393204, -0.0119515090455
rgb/1305032377.401791.png, rgb/1305032377.602337.png, 0.0183, 0.0072, 0.0751, 0.999025624872, -0.00757062214689, 0.0403114184429, -0.0119107804461
rgb/1305032377.602337.png, rgb/1305032377.801528.png, 0.0368, 0.0253, 0.1076, 0.997742122193, -0.0113909410795, 0.0666888299621, -0.0114668000772
rgb/1305032377.801528.png, rgb/1305032378.001490.png, 0.0338, 0.0463, 0.1133, 0.99614656577, -0.0161275702773, 0.0834869253125, -0.0169117780504
rgb/1305032378.001490.png, rgb/1305032378.201701.png, 0.0199, 0.0545, 0.1046, 0.997035313878, -0.0174482339291, 0.0712240438325, -0.0239787541896
rgb/1305032378.201701.png, rgb/1305032378.398026.png, 0.0103, 0.0593, 0.0856, 0.994206964553, -0.0256600630287, 0.0836907639984, -0.0618756401602
rgb/1305032378.398026.png, rgb/1305032378.597959.png, 0.0056, 0.0624, 0.1155, 0.992830765673, -0.0130222326244, 0.100249855517, -0.0638781675921
rgb/1305032378.597959.png, rgb/1305032378.797887.png, -0.0298, 0.0465, 0.1235, -0.997615180086, 0.0160156026459, -0.0644714668806, 0.0227750276776
rgb/1305032378.797887.png, rgb/1305032378.997991.png, -0.0475, 0.0264, 0.0723, 0.996463003191, 0.0348400270377, 0.0154422465445, -0.0743203706214
rgb/1305032378.997991.png, rgb/1305032379.198104.png, -0.0499, 0.0501, 0.0529, 0.998704159751, -0.0314350163716, 0.0398054163562, 0.000359631170144
rgb/1305032379.198104.png, rgb/1305032379.398082.png, -0.0548, 0.0343, 0.0736, 0.999299746178, 0.012090413967, -0.00621746030333, -0.0357689176387
rgb/1305032379.398082.png, rgb/1305032379.598236.png, -0.0471, 0.0107, 0.0404, 0.996151041314, 0.0359692970091, -0.00708140719318, -0.0791908284901
rgb/1305032379.598236.png, rgb/1305032379.798231.png, 0.0302, 0.0327, 0.0059, 0.999440100857, 0.0265488718688, 0.00511559626679, -0.0189879283217
rgb/1305032379.798231.png, rgb/1305032379.998300.png, 0.0475, 0.0455, -0.0064, 0.999073595906, 0.00956063465956, 0.0321783836271, 0.028367978871
rgb/1305032379.998300.png, rgb/1305032380.198396.png, 0.0374, 0.0176, -0.0306, 0.999762829919, 0.000503140171068, -0.00226113076878, -0.0200924868314
rgb/1305032380.198396.png, rgb/1305032380.398355.png, 0.0277, 0.0152, -0.0597, 0.997018704576, -0.063059053521, -0.0434307568861, -0.0132700198498
rgb/1305032380.398355.png, rgb/1305032380.598350.png, 0.0286, 0.0177, -0.1043, 0.997383051057, -0.0463792751403, -0.0535838445792, -0.014541106303
rgb/1305032380.598350.png, rgb/1305032380.798301.png, 0.0193, 0.0333, -0.123, 0.997507495229, 0.0099663391809, -0.0670646249188, -0.0167095127121
rgb/1305032380.798301.png, rgb/1305032380.998378.png, 0.0343, 0.0475, -0.1092, -0.997174724064, 0.0388685307218, 0.057891914679, -0.026727292767
rgb/1305032380.998378.png, rgb/1305032381.198441.png, 0.0504, 0.0157, -0.0984, 0.995010639465, -0.0752034297204, -0.0201340372883, 0.063160634706
rgb/1305032381.198441.png, rgb/1305032381.398352.png, 0.0633, -0.0205, -0.054, -0.997474523702, 0.0571793731101, 0.0171538699357, -0.038657460176
rgb/1305032381.398352.png, rgb/1305032381.598331.png, 0.0767, 0.0069, -0.0022, -0.996177395804, 0.0172908717804, 0.0234205109324, -0.0826878665288
rgb/1305032381.598331.png, rgb/1305032381.798267.png, 0.0492, 0.0021, 0.0135, 0.998184039388, 0.00378549789255, -0.0506123022192, 0.032974044793
rgb/1305032381.798267.png, rgb/1305032381.998299.png, 0.0309, 0.038, 0.0198, 0.996350695419, 0.00492480278285, -0.081549599573, 0.0241957080236
rgb/1305032381.998299.png, rgb/1305032382.198300.png, 0.0301, 0.0537, 0.0144, 0.999223174097, -0.021529302161, -0.0270305115135, 0.020825144004
rgb/1305032382.198300.png, rgb/1305032382.398302.png, -0.0108, 0.0854, 0.0159, 0.994053269283, 0.00187916114717, 0.0856441571353, -0.0667239992664
rgb/1305032382.398302.png, rgb/1305032382.598353.png, -0.0946, 0.1113, 0.0423, -0.985018233202, -0.0204598772051, -0.107444209185, 0.133195483941
rgb/1305032382.598353.png, rgb/1305032382.798300.png, -0.1416, 0.0759, 0.1032, 0.990458679387, 0.0585644696214, 0.0549496007552, -0.112210064393
rgb/1305032382.798300.png, rgb/1305032382.998323.png, -0.115, 0.0142, 0.1379, 0.99148080155, 0.0533902727822, 0.0143907941251, -0.118257980689
rgb/1305032382.998323.png, rgb/1305032383.198294.png, -0.0706, -0.0014, 0.0779, 0.994104098095, 0.0213373264466, 0.0268200614765, -0.101906036922
rgb/1305032383.198294.png, rgb/1305032383.398286.png, -0.0343, 0.0003, 0.0414, 0.994891747275, 0.0486832715799, 0.000107087394385, -0.0889362410474
rgb/1305032383.398286.png, rgb/1305032383.598345.png, -0.0063, 0.0163, 0.0485, 0.99735685355, 0.0201671314139, -0.00858240612045, -0.0688897442938
rgb/1305032383.598345.png, rgb/1305032383.798245.png, 0.0148, -0.0025, 0.0299, 0.996619188839, 0.0175256362429, 0.0298373610524, -0.0744397475789
rgb/1305032383.798245.png, rgb/1305032383.998360.png, -0.0001, 0.0041, -0.0044, 0.999348941106, -0.00136336050594, 0.0219006019487, -0.0297649409681
rgb/1305032383.998360.png, rgb/1305032384.198333.png, -0.0167, 0.0162, -0.0189, 0.999266555674, -0.0281964274423, 0.0243842189092, 0.00272278181415
rgb/1305032384.198333.png, rgb/1305032384.398303.png, -0.0112, 0.0203, -0.02, 0.999052054555, -0.0419706520731, -0.00693933267161, -0.00818055217567
rgb/1305032384.398303.png, rgb/1305032384.598309.png, -0.0131, 0.0303, -0.0705, 0.999838929318, 0.00161996743624, -0.00936720123279, -0.0165483974897
rgb/1305032384.598309.png, rgb/1305032384.798284.png, -0.0154, 0.042, -0.0867, 0.998350830057, -0.0563479447472, 0.0116653125339, 0.0048270769118
rgb/1305032384.798284.png, rgb/1305032384.998291.png, -0.0143, 0.0614, -0.0874, 0.995196750272, -0.0917007284183, -0.033841694896, -0.00376225495821
rgb/1305032384.998291.png, rgb/1305032385.198298.png, -0.0165, 0.0683, -0.0927, 0.997838369222, -0.0603479517253, -0.0128225746161, 0.0206403774305
rgb/1305032385.198298.png, rgb/1305032385.398286.png, -0.0231, 0.0507, -0.092, -0.998465467063, 0.0280653112979, 0.0465579733172, -0.012093697677
rgb/1305032385.398286.png, rgb/1305032385.598292.png, -0.0233, 0.0169, -0.0907, 0.997589475183, -0.0277870488134, -0.0588115352613, -0.0226121308561
rgb/1305032385.598292.png, rgb/1305032385.798268.png, -0.0234, -0.0019, -0.0929, 0.998659552726, -0.0223725418695, 0.0322185105479, -0.0346133193961
rgb/1305032385.798268.png, rgb/1305032385.998400.png, -0.0303, -0.0013, -0.0666, 0.997258495634, -0.0645489009136, 0.0364987145386, -0.00312062986236
rgb/1305032385.998400.png, rgb/1305032386.198223.png, -0.0371, -0.0138, -0.0479, 0.998910872654, -0.027753981684, 0.0277664521116, -0.025240625501
rgb/1305032386.198223.png, rgb/1305032386.398258.png, -0.0347, -0.0085, -0.0258, 0.996123402034, 0.0401172542706, 0.00786600965698, -0.0776932346537
rgb/1305032386.398258.png, rgb/1305032386.598281.png, -0.0361, 0.0171, 0.0419, 0.995546086419, 0.053224878828, -0.0422143177856, -0.0653678319699
rgb/1305032386.598281.png, rgb/1305032386.798231.png, -0.048, 0.0268, 0.0642, 0.998170423328, 0.0401006772202, -0.0326208202297, -0.0319495874252
rgb/1305032386.798231.png, rgb/1305032386.998300.png, -0.0481, 0.0187, 0.0645, -0.992797388266, -0.119013848149, 0.0129349243277, 0.0116413298922
rgb/1305032386.998300.png, rgb/1305032387.198268.png, -0.0465, 0.0102, 0.104, 0.997100612711, 0.0726336492511, -0.0210151683179, -0.00725710747051
rgb/1305032387.198268.png, rgb/1305032387.398271.png, -0.0511, 0.0002, 0.111, 0.997625758457, 0.054115388339, -0.0417736520265, 0.00564936296152
rgb/1305032387.398271.png, rgb/1305032387.598263.png, -0.0347, -0.0137, 0.096, 0.998396897003, 0.0435608727952, -0.0279188914181, -0.0251190935082
rgb/1305032387.598263.png, rgb/1305032387.798282.png, -0.0318, -0.0261, 0.0733, 0.997007130057, 0.0485364521324, -0.0248763547777, -0.0529345742355
rgb/1305032387.798282.png, rgb/1305032387.998271.png, -0.0427, -0.0325, 0.0599, 0.997385346256, 0.0692116091114, 0.0198721005011, 0.00103510878298
rgb/1305032387.998271.png, rgb/1305032388.198299.png, -0.0473, -0.0276, 0.0703, 0.999476306217, -0.00441923385532, -0.0132210478016, -0.0322067776361
rgb/1305032388.198299.png, rgb/1305032388.398324.png, -0.0374, -0.0318, 0.062, 0.999579024423, -0.00444114684742, 0.0261414024175, -0.00511140204066
rgb/1305032388.398324.png, rgb/1305032388.598102.png, -0.0122, -0.0451, 0.0548, 0.999701980824, -0.010349398658, 0.00512418777374, -0.0233988204497
rgb/1305032388.598102.png, rgb/1305032388.798291.png, 0.0093, -0.0567, 0.0345, 0.99828062307, 0.021266598839, -0.0375953549634, -0.0391624901344
rgb/1305032388.798291.png, rgb/1305032388.998435.png, 0.0082, -0.0522, 0.0205, 0.999489409043, 0.00907682924935, 0.000133917628319, -0.0315535011875
rgb/1305032388.998435.png, rgb/1305032389.198192.png, -0.0121, -0.0415, 0.0053, 0.998830867474, -0.000476524346448, -0.0101726688809, -0.0469882943358
rgb/1305032389.198192.png, rgb/1305032389.398221.png, -0.0435, -0.0144, -0.0107, 0.998905894191, -0.000778741428937, -0.00487956831498, -0.0465665935566
rgb/1305032389.398221.png, rgb/1305032389.598318.png, -0.067, 0.0076, -0.0146, 0.999603911935, 0.00186073695239, 0.00510964702775, -0.0267409990835
rgb/1305032389.598318.png, rgb/1305032389.798350.png, -0.0637, 0.0168, -0.0223, 0.99950690395, -0.0142209360903, 0.0273288810957, -0.00850505187453
rgb/1305032389.798350.png, rgb/1305032389.998160.png, -0.0397, 0.0162, -0.0383, 0.997519947882, -0.0457302107358, 0.0427560401123, -0.0308302788829
rgb/1305032389.998160.png, rgb/1305032390.198282.png, -0.021, 0.016, -0.06, 0.998038140309, -0.042394782076, 0.0418725108614, -0.0227802953356
rgb/1305032390.198282.png, rgb/1305032390.398300.png, -0.0161, 0.0069, -0.0587, 0.997729557637, -0.0340394773142, 0.0564764201169, 0.00982586829255
rgb/1305032390.398300.png, rgb/1305032390.598269.png, -0.0197, 0.0001, -0.0527, 0.998378869424, -0.0253136905565, 0.0499413435646, -0.0062899558373
rgb/1305032390.598269.png, rgb/1305032390.798308.png, -0.036, -0.0118, -0.0585, 0.99898362223, -0.019157850419, 0.0404823526706, 0.00151238108191
rgb/1305032390.798308.png, rgb/1305032390.998365.png, -0.0492, -0.0259, -0.0712, 0.999142279454, -0.0225470415957, 0.0330136504336, -0.0123906346549
rgb/1305032390.998365.png, rgb/1305032391.198275.png, -0.0417, -0.0283, -0.0811, 0.999530874284, -0.00902233224813, 0.0259323987354, -0.0170652616863
rgb/1305032391.198275.png, rgb/1305032391.398298.png, -0.0227, -0.0184, -0.0766, 0.999301871368, 0.011798491867, 0.0310351364347, -0.015036313628
rgb/1305032391.398298.png, rgb/1305032391.598147.png, -0.0071, -0.0138, -0.0568, 0.99909867566, 0.0243545970531, 0.0336313787949, -0.0088943941432
rgb/1305032391.598147.png, rgb/1305032391.798157.png, 0.0207, -0.0009, -0.0477, 0.999579833265, 0.0252225140211, 0.0119887868471, -0.00976219414775
rgb/1305032391.798157.png, rgb/1305032391.998270.png, 0.0241, 0.0039, -0.0302, 0.99976622001, 0.00171690648206, -0.00787249289985, 0.0183682934697
rgb/1311875132.418527.png, rgb/1311875132.618479.png, -0.0168, 0.0011, -0.0043, 0.999824375415, -0.00924867824351, 0.0131693141293, 0.00298776776362
rgb/1311875132.618479.png, rgb/1311875132.818267.png, -0.0148, 0.013, -0.0042, 0.999971230128, 0.0013553839821, -0.00389363271227, 0.00672692013247
rgb/1311875132.818267.png, rgb/1311875133.018437.png, -0.026, 0.0311, -0.0065, 0.999978020201, 0.0034906780603, -0.00516762271625, 0.0031304813561
rgb/1311875133.018437.png, rgb/1311875133.218663.png, -0.0363, 0.04, 0.0034, 0.999762823292, -0.00922979189049, -0.00708620164352, -0.0172254009114
rgb/1311875133.218663.png, rgb/1311875133.418493.png, -0.0476, 0.0488, 0.0078, 0.999802804419, 0.00268588601057, -0.011739362224, -0.0159976827344
rgb/1311875133.418493.png, rgb/1311875133.618586.png, -0.0492, 0.0505, 0.0085, 0.999729364127, 0.0108087845506, -0.011006038831, -0.0181809345263
rgb/1311875133.618586.png, rgb/1311875133.818738.png, -0.0464, 0.0429, -0.004, 0.999946040303, -0.00150304156794, 0.00294424348279, -0.00758478744934
rgb/1311875133.818738.png, rgb/1311875134.018901.png, -0.0445, 0.026, -0.0034, 1.00001937066, 0.00228273727066, 0.00184515245841, -0.00086859940209
rgb/1311875134.018901.png, rgb/1311875134.218413.png, -0.046, 0.0019, -0.0037, 1.00001781975, 0.00192983248059, 0.000923316833502, -0.0077376996604
rgb/1311875134.218413.png, rgb/1311875134.418441.png, -0.0508, -0.0131, -0.0059, 0.999867115195, 0.0048410564252, 0.00585836009652, -0.00604940825017
rgb/1311875134.418441.png, rgb/1311875134.618459.png, -0.0548, -0.0152, 0.0076, 0.999984549118, 0.00607117648204, 0.00169980700799, 0.00428655463367
rgb/1311875134.618459.png, rgb/1311875134.818511.png, -0.0591, -0.0184, 0.0077, 0.999802504105, -0.00901125898608, -0.00640112107346, 0.0175079026109
rgb/1311875134.818511.png, rgb/1311875135.018544.png, -0.0539, -0.0205, 0.002, 0.999968910121, -0.00403072428018, -0.00409360403494, 0.00604850641083
rgb/1311875135.018544.png, rgb/1311875135.218398.png, -0.0571, -0.0163, -0.003, 0.999950650558, -0.00217040545271, 0.00212905592038, 0.000986868838513
rgb/1311875135.218398.png, rgb/1311875135.418369.png, -0.0588, -0.0075, -0.0061, 1.00003744289, 0.00541937821342, 0.00220718032811, -0.0024475288758
rgb/1311875135.418369.png, rgb/1311875135.618370.png, -0.0685, 0.0005, -0.0053, 0.999887504268, -0.00134613892749, -0.0020598418496, -0.0157515923846
rgb/1311875135.618370.png, rgb/1311875135.818361.png, -0.0879, 0.0006, -0.0077, 0.999827211599, -0.000963865295723, 0.0082132086473, -0.0154293142301
rgb/1311875135.818361.png, rgb/1311875136.018392.png, -0.0924, -0.0054, -0.0059, 0.999349868223, -0.00566099132241, 0.00533095057346, -0.0349857893483
rgb/1311875136.018392.png, rgb/1311875136.218542.png, -0.086, -0.004, 0.0014, 0.999965980431, 0.00546957075523, -0.000553052998349, -0.0092344630917
rgb/1311875136.218542.png, rgb/1311875136.418432.png, -0.0795, -0.0167, -0.0021, 0.999847869146, 0.0046128626747, -0.00317790894411, -0.014534946159
rgb/1311875136.418432.png, rgb/1311875136.618512.png, -0.0823, -0.0291, -0.0051, 0.999965789949, 0.00570811844802, 0.000593270878041, -0.00464481687433
rgb/1311875136.618512.png, rgb/1311875136.818357.png, -0.0886, -0.0447, 0.0063, 1.00000353005, 0.00586930032853, -0.00485861477408, -0.00398074126361
rgb/1311875136.818357.png, rgb/1311875137.018368.png, -0.0812, -0.0558, 0.0083, 0.999813842206, -0.0133009578562, -0.00210655187339, -0.00557838422535
rgb/1311875137.018368.png, rgb/1311875137.218414.png, -0.0706, -0.0631, 0.001, 0.99968499031, -0.00635288875977, 0.0047430270303, -0.0253560998124
rgb/1311875137.218414.png, rgb/1311875137.418564.png, -0.0727, -0.0643, -0.0023, 0.999426519454, -0.00485446927369, 0.00784836433142, -0.0327954231078
rgb/1311875137.418564.png, rgb/1311875137.618499.png, -0.0784, -0.0603, -0.0038, 0.999253536775, 0.00591956557252, -0.00594420567897, -0.0365885780627
rgb/1311875137.618499.png, rgb/1311875137.818236.png, -0.0878, -0.0533, 0.0008, 0.999825084679, 0.00122042689719, -0.00704292688997, -0.0223520778185
rgb/1311875137.818236.png, rgb/1311875138.018229.png, -0.0849, -0.0534, 0.0112, 0.999482958581, -0.0024154263322, -0.0071296522104, -0.0283494080121
rgb/1311875138.018229.png, rgb/1311875138.218259.png, -0.0597, -0.0555, 0.0079, 0.999565433848, 0.00128028704767, -0.00260733690954, -0.0290043954845
rgb/1311875138.218259.png, rgb/1311875138.418263.png, -0.0372, -0.0628, -0.0024, 0.999399922336, 0.00705184012766, 0.00615603897418, -0.0329711688999
rgb/1311875138.418263.png, rgb/1311875138.618252.png, -0.0209, -0.0712, -0.0036, 0.999569845049, 0.00330751563538, 0.00283973675249, -0.0307197302118
rgb/1311875138.618252.png, rgb/1311875138.818239.png, -0.0117, -0.0773, -0.0014, 0.999781799579, 0.00219283423217, -0.00353334681936, -0.0220880126299
rgb/1311875138.818239.png, rgb/1311875139.018279.png, -0.0048, -0.0812, 0.0082, 0.999856019631, -0.005526790313, -0.000562132398964, -0.0154660854735
rgb/1311875139.018279.png, rgb/1311875139.218247.png, 0.0036, -0.0789, 0.0117, 0.999730223222, -0.00833927129231, -0.00106172796471, -0.0177431004106
rgb/1311875139.218247.png, rgb/1311875139.418295.png, 0.0093, -0.0734, -0.0026, 0.999836672852, 0.000186769608941, 0.00604385454429, -0.0213871954416
rgb/1311875139.418295.png, rgb/1311875139.618258.png, 0.0133, -0.061, -0.0071, 0.999168781818, 0.00730219478118, 0.0121832104987, -0.0368705714886
rgb/1311875139.618258.png, rgb/1311875139.818280.png, 0.0072, -0.0521, 0.0019, 0.999494000661, 0.0046766587419, -0.00481118388345, -0.0302413958261
rgb/1311875139.818280.png, rgb/1311875140.018273.png, -0.0037, -0.0505, -0.0026, 0.999644127829, 0.00225136352326, 0.00045176083918, -0.0282774362802
rgb/1311875140.018273.png, rgb/1311875140.218365.png, -0.0139, -0.0554, -0.0048, 0.999483951476, -0.00470785653553, 0.00117607663642, -0.0335403240747
rgb/1311875140.218365.png, rgb/1311875140.418300.png, -0.0156, -0.0574, -0.0032, 0.999591768796, 0.0068583602202, -0.00124257147543, -0.0273290533583
rgb/1311875140.418300.png, rgb/1311875140.619394.png, -0.0085, -0.0527, 0.0052, 0.999498449498, -0.00134047770826, -0.00772840728349, -0.030959854572
rgb/1311875140.619394.png, rgb/1311875140.819184.png, 0.003, -0.0447, 0.0006, 0.999447354041, -0.00351024323301, 0.000598680624889, -0.0319678655637
rgb/1311875140.819184.png, rgb/1311875141.018136.png, 0.0221, -0.0399, -0.0044, 0.999149908688, 0.00564144325792, 0.00132001992589, -0.0405508645302
rgb/1311875141.018136.png, rgb/1311875141.218144.png, 0.0331, -0.0387, -0.0015, 0.999339245851, -7.08483003492e-05, 0.00667804979359, -0.0357872914629
rgb/1311875141.218144.png, rgb/1311875141.419192.png, 0.043, -0.0318, 0.0001, 0.9993911472, 0.0013359222602, -0.00316910047291, -0.0342740117592
rgb/1311875141.419192.png, rgb/1311875141.619894.png, 0.0506, -0.0288, 0.0034, 0.999689389208, -0.000285380727721, -0.00100657256676, -0.0245552526159
rgb/1311875141.619894.png, rgb/1311875141.818167.png, 0.0553, -0.0305, 0.0041, 0.99977219553, -0.00387985612278, -3.06806019534e-05, -0.0192805982853
rgb/1311875141.818167.png, rgb/1311875142.018200.png, 0.0535, -0.0311, 0.0007, 0.999963316758, -3.5403128929e-06, -0.000169294962289, -0.0132636922451
rgb/1311875142.018200.png, rgb/1311875142.218239.png, 0.0475, -0.0348, -0.005, 0.999945200778, 0.00387706494568, -0.00346941073437, -0.0107124478832
rgb/1311875142.218239.png, rgb/1311875142.418165.png, 0.0393, -0.0483, -0.0062, 0.99975297147, 0.00921152230902, 0.00910443728098, -0.0161057822085
rgb/1311875142.418165.png, rgb/1311875142.618122.png, 0.0301, -0.0667, -0.0011, 0.99980469601, -0.00494044093321, 0.00112068289555, -0.0204241772659
rgb/1311875142.618122.png, rgb/1311875142.818275.png, 0.0283, -0.093, -0.0029, 0.999484236406, -0.0123432073626, 0.000910201046505, -0.0307910005383
rgb/1311875142.818275.png, rgb/1311875143.018171.png, 0.0265, -0.1045, -0.0014, 0.999441286888, 0.0148127317677, 0.00506961381192, -0.0283819101539
rgb/1311875143.018171.png, rgb/1311875143.218164.png, 0.0288, -0.0934, 0.0042, 0.999320444022, -0.00153111587505, -0.00356991380355, -0.0371690760732
rgb/1311875143.218164.png, rgb/1311875143.418159.png, 0.0327, -0.0824, 0.0029, 0.999819163261, 0.00174597196788, -0.0030119391345, -0.0155989861263
rgb/1311875143.418159.png, rgb/1311875143.618119.png, 0.0419, -0.0741, 0.0012, 0.99989169644, -0.00180994949304, 0.00232171631482, -0.0112865609893
rgb/1311875143.618119.png, rgb/1311875143.818250.png, 0.0574, -0.0668, -0.0022, 1.00000343039, -0.00545402854138, -0.00410942605001, -0.00967636739683
rgb/1311875143.818250.png, rgb/1311875144.018175.png, 0.0668, -0.0664, 0.004, 0.999997770075, 0.000622539020435, -0.00280507546896, -0.00524526323463
rgb/1311875144.018175.png, rgb/1311875144.218136.png, 0.0631, -0.0558, 0.0056, 0.999969781964, -8.68543535985e-05, 0.00973509712134, -0.00472671271641
rgb/1311875144.218136.png, rgb/1311875144.422206.png, 0.0596, -0.0485, -0.0005, 0.999876565022, 0.004580172593, 0.00468204019571, -0.00872758785256
rgb/1311875144.422206.png, rgb/1311875144.621817.png, 0.0591, -0.0441, 0.0008, 0.999710598235, -0.00017473106586, 0.00281280715812, -0.023719344688
rgb/1311875144.621817.png, rgb/1311875144.822071.png, 0.0604, -0.046, -0.0023, 0.999359890866, -0.00363397185678, 1.83902624291e-05, -0.0352576531267
rgb/1311875144.822071.png, rgb/1311875145.021683.png, 0.0588, -0.0537, -0.0017, 0.999201779851, -0.00129699898765, 0.000658584874751, -0.0407519292004
rgb/1311875145.021683.png, rgb/1311875145.225415.png, 0.0568, -0.0552, -0.0016, 0.999095466467, 0.00523421684682, -0.00265108242933, -0.0411700853633
rgb/1311875145.225415.png, rgb/1311875145.421880.png, 0.0508, -0.0497, -0.0056, 0.998965348692, 0.00520775825273, -0.00268296304814, -0.0457970110738
rgb/1311875145.421880.png, rgb/1311875145.619726.png, 0.0428, -0.0394, -0.0046, 0.999638995004, 0.000573122056528, -0.00245629595574, -0.0265600818773
rgb/1311875145.619726.png, rgb/1311875145.820091.png, 0.0411, -0.0272, -0.001, 0.9997883108, 0.000911506554505, 0.000490228146938, -0.0190846178601
rgb/1311875145.820091.png, rgb/1311875146.019688.png, 0.05, -0.0139, -0.0007, 0.999926596017, -0.00240447046657, -0.00655607573267, -0.0133545246165
rgb/1311875146.019688.png, rgb/1311875146.218978.png, 0.064, -0.0023, -0.0002, 0.99977651582, -0.00849948867332, -0.00579263915968, -0.0173249388586
rgb/1311875146.218978.png, rgb/1311875146.421518.png, 0.0809, 0.0076, 0.0044, 0.999798786996, 0.00325446858922, 0.00613025152466, -0.0189075122892
rgb/1311875146.421518.png, rgb/1311875146.620956.png, 0.076, 0.0126, 0.0107, 0.999796957635, -0.00124878454834, 0.0167517951584, -0.00974941358067
rgb/1311875146.620956.png, rgb/1311875146.820822.png, 0.0655, 0.0059, 0.0101, 0.999756000128, -0.00895477231009, 0.0134855856268, -0.0194429266608
rgb/1311875146.820822.png, rgb/1311875147.018656.png, 0.0615, -0.0101, -0.0013, 0.999662107732, -0.00814024097929, -0.00191266641254, -0.0194610867804
rgb/1311875147.018656.png, rgb/1311875147.218577.png, 0.0642, -0.0239, -0.0131, 0.999678462904, 0.0027270746226, -0.00757921441397, -0.0269810428029
rgb/1311875147.218577.png, rgb/1311875147.418706.png, 0.0721, -0.0391, 0.0068, 0.999879294164, 0.00895021121771, 0.00107274299037, -0.0145033896331
rgb/1311875147.418706.png, rgb/1311875147.618599.png, 0.075, -0.0412, 0.002, 0.999689586295, -0.00498676757092, -0.00703100440362, -0.0213921878678
rgb/1311875147.618599.png, rgb/1311875147.818649.png, 0.074, -0.0085, -0.0048, 0.998972145786, -0.00350116435477, -0.0139189070675, -0.0428982258827
rgb/1311875147.818649.png, rgb/1311875148.018176.png, 0.0844, 0.0167, -0.0089, 0.998712683909, 0.00411970149627, -0.00549741871773, -0.0492868160852
rgb/1311875148.018176.png, rgb/1311875148.218168.png, 0.0957, 0.0445, -0.0093, 0.998699998183, -0.00357793031642, -0.00243515565113, -0.0519494471652
rgb/1311875148.218168.png, rgb/1311875148.418127.png, 0.1032, 0.0529, 0.0076, 0.999471435317, -0.00764315310988, 0.00864540302725, -0.0319200288845
rgb/1311875148.418127.png, rgb/1311875148.618144.png, 0.0902, 0.0581, 0.0026, 0.999476885063, 0.00938454218309, 0.00251256552735, -0.0300974819391
rgb/1311875148.618144.png, rgb/1311875148.818198.png, 0.0755, 0.0558, -0.0025, 0.998719776225, 0.00501005170152, -7.21057068262e-05, -0.0492580871735
rgb/1311875148.818198.png, rgb/1311875149.018231.png, 0.0725, 0.0532, -0.0094, -0.998326790004, 0.000495953711547, 0.00866805441968, 0.0579054684604
rgb/1311875149.018231.png, rgb/1311875149.218125.png, 0.0779, 0.0512, -0.0121, 0.997312549409, -0.00302713802616, -0.00610533416369, -0.0723345243459
rgb/1311875149.218125.png, rgb/1311875149.418115.png, 0.0786, 0.0386, 0.0051, 0.998237858422, -0.00247235848847, -0.00139884269786, -0.0600907129144
rgb/1311875149.418115.png, rgb/1311875149.618132.png, 0.0726, 0.0271, 0.0017, 0.998668440999, -0.00611609982147, 0.0041902380452, -0.0497333517152
rgb/1311875149.618132.png, rgb/1311875149.818191.png, 0.0548, 0.022, -0.008, 0.999494065898, -0.000241191024622, -0.0135660525528, -0.0290686739163
rgb/1311875149.818191.png, rgb/1311875150.018111.png, 0.0539, 0.0226, -0.0065, 0.999966697679, -0.00317977163008, -0.00167840698497, -0.00722948389503
rgb/1311875150.018111.png, rgb/1311875150.218160.png, 0.0413, 0.0302, -0.0004, 1.00004278304, 0.00337704014132, 0.00230575396216, 0.00483943413216
rgb/1311875150.218160.png, rgb/1311875150.418375.png, 0.04, 0.0238, 0.0052, 0.999787721588, 0.0036804890821, 0.00596816419792, 0.0164636712482
rgb/1311875150.418375.png, rgb/1311875150.618229.png, 0.0292, 0.0124, -0.0036, 1.00003964197, -0.00103868163286, -0.00495587635661, 0.00865239011031
rgb/1311875150.618229.png, rgb/1311875150.818119.png, 0.0285, 0.0152, -0.0004, 0.999891764078, -0.000667223214276, -0.00148015747592, -0.00975651097062
rgb/1311875150.818119.png, rgb/1311875151.018123.png, 0.0304, 0.0073, 0.0055, 0.999954170523, 0.00479099528683, 2.4409721241e-05, -0.0116473969867
rgb/1311875151.018123.png, rgb/1311875151.218134.png, 0.0362, -0.0064, 0.0047, 0.999950163906, -0.00387606619393, 0.00452186557618, 0.00409050938587
rgb/1311875151.218134.png, rgb/1311875151.418174.png, 0.0296, -0.0114, -0.0006, 0.999979120645, 0.00172064681481, -0.00044745616913, 0.004735813616
rgb/1311875151.418174.png, rgb/1311875151.618062.png, 0.0294, -0.0058, -0.0028, 0.999971990413, -0.00453668312929, -0.00209553911175, -0.0035729373349
rgb/1311875151.618062.png, rgb/1311875151.817972.png, 0.0317, -0.004, -0.0011, 0.999985289948, 0.00226169800641, -0.00280817994096, -0.00380246346072
rgb/1311875151.817972.png, rgb/1311875152.018104.png, 0.0301, -0.0016, -0.0021, 0.999817748998, -0.0031577273675, -0.0044767446221, -0.0152592839261
rgb/1311875152.018104.png, rgb/1311875152.218105.png, 0.029, 0.0028, 0.0009, 0.999961155839, 0.000290441109147, 0.00410338951405, -0.0124030084862
rgb/1311875152.218105.png, rgb/1311875152.418168.png, 0.0325, 0.0135, -0.0033, 0.999981939746, -0.00371644221601, -0.00365947141557, -0.00357583024041
rgb/1311875152.418168.png, rgb/1311875152.618054.png, 0.0435, 0.0263, -0.0055, 0.999999799998, -0.00313415190567, 0.000257722623616, 0.00080670821229
rgb/1311875152.618054.png, rgb/1311875152.818148.png, 0.0572, 0.032, -0.0007, 0.999928409997, -0.00667283026691, 0.00705233028209, 0.00245415009817
rgb/1311875152.818148.png, rgb/1311875153.018002.png, 0.0675, 0.0393, 0.0063, 0.999935217219, -0.00653993075923, 0.00254916943584, 0.00834277815547
rgb/1311875153.018002.png, rgb/1311875153.218054.png, 0.0749, 0.0402, 0.0049, 0.999834701137, 0.0128361782759, -0.00417622392913, 0.0131291039826
rgb/1311875153.218054.png, rgb/1311875153.418079.png, 0.0811, 0.0393, -0.0002, 1.0000269408, 0.00666706741187, 0.000999279588669, 0.00441507073024
rgb/1311875153.418079.png, rgb/1311875153.618097.png, 0.091, 0.0452, -0.0082, 0.999616334227, -0.000441090650303, 0.00141357389507, -0.0270867935871
rgb/1311875153.618097.png, rgb/1311875153.818180.png, 0.1047, 0.0524, -0.0026, 0.999160468617, 0.00185803240134, 0.0037698116902, -0.0398356431179
rgb/1311875153.818180.png, rgb/1311875154.018070.png, 0.1031, 0.054, 0.009, 0.99921183746, -0.00388830186288, 0.00147469346237, -0.038903078948
rgb/1311875154.018070.png, rgb/1311875154.218038.png, 0.084, 0.0518, 0.0033, 0.99968588088, 0.00495085135832, -0.00474789900461, -0.0245160622927
rgb/1311875154.218038.png, rgb/1311875154.418085.png, 0.0611, 0.0467, -0.0064, 0.999901405966, -0.00283540602481, -0.00436476860633, -0.0142302123003
rgb/1311875154.418085.png, rgb/1311875154.617950.png, 0.0499, 0.0464, -0.0112, 1.00000284002, -0.00769713550262, -0.00102556872759, 0.000890407577368
rgb/1311875154.617950.png, rgb/1311875154.817864.png, 0.0473, 0.0525, -0.0095, 0.999500039128, -0.0105511752885, -0.00241614923515, 0.027505527528
rgb/1311875154.817864.png, rgb/1311875155.017995.png, 0.0487, 0.0478, 0.0047, 0.997952691397, 0.00994668339047, -0.00110664491986, 0.0632656730861
rgb/1311875155.017995.png, rgb/1311875155.218081.png, 0.046, 0.0346, 0.0047, 0.998598842348, 0.0102913503466, 0.00166229212423, 0.0522710168598
rgb/1311875155.218081.png, rgb/1311875155.418012.png, 0.0369, 0.0377, -0.0033, 0.999764286502, -0.00199265957107, -0.0041398314351, 0.0225639848495
rgb/1311875155.418012.png, rgb/1311875155.617995.png, 0.0278, 0.0506, -0.0046, 0.999799208841, -0.00488436494141, -7.59266569493e-05, -0.0173525959652
rgb/1311875155.617995.png, rgb/1311875155.818241.png, 0.0289, 0.0594, -0.0077, 0.999319427854, 0.00351073423929, -0.00250087137835, -0.0369642028152
rgb/1311875155.818241.png, rgb/1311875156.018003.png, 0.0264, 0.0609, 0.0023, 0.998997031685, 0.00042638353472, 0.00877695276094, -0.0454400166977
rgb/1311875156.018003.png, rgb/1311875156.221964.png, 0.0262, 0.0594, 0.0025, 0.998750450929, -0.00102070854295, 0.00227555693102, -0.0490595316229
rgb/1311875156.221964.png, rgb/1311875156.422119.png, 0.0292, 0.0534, -0.0055, 0.998968365701, -0.00604347227418, -0.00366023785146, -0.044199841947
rgb/1311875156.422119.png, rgb/1311875156.621978.png, 0.0224, 0.0567, -0.0046, 0.999692535585, -0.00120729733679, -0.006457172725, -0.0241781271979
rgb/1311875156.621978.png, rgb/1311875156.822015.png, 0.014, 0.0684, 0.0004, 0.999927979895, 0.00447853653866, 0.00203423296998, -0.0103667551355
rgb/1311875156.822015.png, rgb/1311875157.022000.png, -0.0012, 0.0747, 0.0062, 0.99986549814, 0.00302094177962, 0.00744695299136, -0.0119323750247
rgb/1311875157.022000.png, rgb/1311875157.222004.png, -0.0173, 0.0743, 0.0089, 0.999529024276, 0.00304242076762, 0.00616164736095, -0.0299046382668
rgb/1311875157.222004.png, rgb/1311875157.421983.png, -0.0083, 0.0598, 0.006, 0.999970357745, 0.00895745139333, -0.00447175016604, -0.0103909804419
rgb/1311875157.421983.png, rgb/1311875157.621992.png, -0.004, 0.0539, -0.0057, 0.999722260231, -0.0025059774646, -0.00675492797105, -0.0194155257731
rgb/1311875157.621992.png, rgb/1311875157.821924.png, -0.0002, 0.0634, -0.0077, 0.999546295636, -0.00142597657494, -0.00102365497027, -0.0318927526408
rgb/1311875157.821924.png, rgb/1311875158.021882.png, 0.0119, 0.0825, -0.0079, 0.999422844237, 0.000340329811636, 0.00149640123348, -0.0335954571175
rgb/1311875158.021882.png, rgb/1311875158.221925.png, 0.0143, 0.089, 0.0029, 0.999297305543, -0.00150273537557, 0.00121561581237, -0.0373927707728
rgb/1311875158.221925.png, rgb/1311875158.421933.png, 0.0106, 0.0747, 0.0044, 0.999062801312, -0.00146810095075, 0.0054006495643, -0.0422460485595
rgb/1311875158.421933.png, rgb/1311875158.621927.png, 0.001, 0.0586, -0.0006, 0.999645551472, -0.00674031217191, -0.0104699419068, -0.0233929428342
rgb/1311875158.621927.png, rgb/1311875158.821805.png, -0.0106, 0.051, -0.001, 0.999717551371, -0.000175675366882, 0.00582039781315, -0.0245243092176
rgb/1311875158.821805.png, rgb/1311875159.021953.png, -0.022, 0.0531, -0.0049, 0.999769329222, -0.00561501551168, 0.0022315007846, -0.0190150697775
rgb/1311875159.021953.png, rgb/1311875159.221964.png, -0.0324, 0.0665, 0.0003, 0.999939168587, 0.00569733234903, 0.00651213127681, -0.012312356016
rgb/1311875159.221964.png, rgb/1311875159.421962.png, -0.0401, 0.0668, 0.0128, 0.99989297873, 0.00610120232493, -0.0011752641337, -0.0100568996587
rgb/1311875159.421962.png, rgb/1311875159.621851.png, -0.0412, 0.0587, 0.0034, 0.999932460492, -0.00252160164274, -0.0132592834724, -8.38993892124e-05
rgb/1311875159.621851.png, rgb/1311875159.821945.png, -0.044, 0.0471, -0.001, 0.99978245183, -0.00179418243236, -0.00355332677009, -0.0184241180965
rgb/1311875159.821945.png, rgb/1311875160.021942.png, -0.0459, 0.0474, -0.0038, 0.999646631031, 0.0011701496984, -0.00552076011689, -0.0254940070379
rgb/1311875160.021942.png, rgb/1311875160.221854.png, -0.0444, 0.0543, -0.0066, 0.999382569005, 0.00135062780152, 0.000859643154086, -0.0351914466106
rgb/1311875160.221854.png, rgb/1311875160.421865.png, -0.0419, 0.0646, -0.0024, 0.999513378744, 0.00770033635069, 0.00320337992364, -0.0326053041997
rgb/1311875160.421865.png, rgb/1311875160.621922.png, -0.0427, 0.0692, -0.0011, 0.999182174843, 0.00602775096172, 0.00455460180283, -0.0377993464098
rgb/1311875160.621922.png, rgb/1311875160.821931.png, -0.0423, 0.0612, 0.0011, 0.999228404414, 0.00415288770976, 0.00386361811758, -0.0392432513062
rgb/1311875160.821931.png, rgb/1311875161.021922.png, -0.047, 0.0475, -0.0025, 0.999416317928, -0.0115841911239, 8.31102950415e-05, -0.0313484112869
rgb/1311875161.021922.png, rgb/1311875161.221945.png, -0.0584, 0.037, -0.0047, 0.999600088545, -0.0043028108458, 0.00369861843088, -0.028478787887
rgb/1311875161.221945.png, rgb/1311875161.421938.png, -0.07, 0.0336, -0.0039, 0.99961109608, -0.00130815318618, -0.00090210909326, -0.0270026121863
rgb/1311875161.421938.png, rgb/1311875161.621894.png, -0.0799, 0.0365, 0.005, 0.999888463746, -0.00361736282553, -0.00218664260505, -0.0122057443761
rgb/1311875161.621894.png, rgb/1311875161.822005.png, -0.0789, 0.0293, 0.0155, 0.999990398922, 0.00568563838348, -0.00929692385861, 0.00030655441993
rgb/1311875161.822005.png, rgb/1311875162.021878.png, -0.0674, 0.0199, 0.0035, 0.99990583881, -0.00332996209072, -0.00760405611527, -0.011761948671
rgb/1311875162.021878.png, rgb/1311875162.221895.png, -0.0614, 0.0194, -0.0025, 0.99986821083, -0.00429917291521, 0.000461847090363, -0.0185788629532
rgb/1311875162.221895.png, rgb/1311875162.421856.png, -0.0638, 0.0233, -0.0078, 0.999535059567, -0.0007726076323, 0.00220509491483, -0.0284729245015
rgb/1311875162.421856.png, rgb/1311875162.621915.png, -0.0733, 0.0325, -0.0092, 0.999327635361, -7.25205003914e-05, -0.0042482893132, -0.0374596384715
rgb/1311875162.621915.png, rgb/1311875162.821716.png, -0.077, 0.042, 0.0055, 0.99911755186, -0.000397682122483, -0.00653387197557, -0.0401521553339
rgb/1311875162.821716.png, rgb/1311875163.022007.png, -0.0644, 0.0403, 0.0064, 0.99952770159, 0.00490683126828, -0.00193225531931, -0.0325255078443
rgb/1311875163.022007.png, rgb/1311875163.222024.png, -0.0409, 0.034, -0.0003, 0.999881952083, 0.00364524687253, -0.00090974687831, -0.010870007346
rgb/1311875163.222024.png, rgb/1311875163.421890.png, -0.0125, 0.0384, -0.0021, 0.999656929499, -0.00440058642486, 0.00449894656846, 0.0247149260838
rgb/1311875163.421890.png, rgb/1311875163.621885.png, 0.0048, 0.0298, -0.0065, 0.999121277443, 0.00118495390254, 0.00814447175268, 0.0416414228147
rgb/1311875163.621885.png, rgb/1311875163.821873.png, 0.0063, 0.0156, -0.0047, 0.998365903105, 0.00441823456576, 0.00697935402558, 0.0560636403696
rgb/1311875163.821873.png, rgb/1311875164.021837.png, 0.0022, 0.0034, 0.0, 0.99815301478, -0.00791084500639, -0.000879880597691, 0.059669593155
rgb/1311875164.021837.png, rgb/1311875164.221843.png, 0.0165, 0.0027, 0.0012, 0.997455012722, -0.00248178014334, -0.00235352566598, 0.0727489118972
rgb/1311875164.221843.png, rgb/1311875164.421844.png, 0.0301, 0.0016, -0.0047, 0.997514997635, -0.00682310515158, 0.00314280152028, 0.0686095407525
rgb/1311875164.421844.png, rgb/1311875164.621805.png, 0.0327, -0.0084, -0.0061, 0.998650005193, 0.0044375002469, 0.00999777429423, 0.0517821372586
rgb/1311875164.621805.png, rgb/1311875164.821699.png, 0.0441, -0.0141, 0.0003, 0.99896737075, -0.000902620603719, -0.00183240092471, 0.045686644402
rgb/1311875164.821699.png, rgb/1311875165.021621.png, 0.0564, -0.0119, 0.0059, 0.998894991615, 0.00255343383768, -0.0001669437129, 0.0475197404066
rgb/1311875165.021621.png, rgb/1311875165.221895.png, 0.063, -0.0118, 0.0025, 0.998768535191, 0.00279151888132, 0.00435649249369, 0.0490455322809
rgb/1311875165.221895.png, rgb/1311875165.421813.png, 0.0609, -0.015, 0.0013, 0.99883701485, -0.00281373890776, 0.00234152929917, 0.0477538465624
rgb/1311875165.421813.png, rgb/1311875165.621959.png, 0.0502, -0.0129, 0.0015, 0.999117029641, -0.000766654263416, 0.00282136528677, 0.0420093197471
rgb/1311875165.621959.png, rgb/1311875165.821917.png, 0.0342, -0.0112, -0.0027, 0.999595526883, -0.00463820640126, -0.000738529173792, 0.0293491249675
rgb/1311875165.821917.png, rgb/1311875166.022039.png, 0.0126, -0.0041, -0.003, 0.999860266264, -0.00271819362944, 0.00194693339642, 0.00986553175076
rgb/1311875166.022039.png, rgb/1311875166.221687.png, -0.0103, 0.0045, -0.0012, 0.999976628725, -0.0025310281182, -0.000748500845691, -0.00917268055318
rgb/1311875166.221687.png, rgb/1311875166.421691.png, -0.0295, 0.0111, 0.002, 0.999671586647, 0.00488949992179, -0.000729717450415, -0.02545641991
rgb/1311875166.421691.png, rgb/1311875166.621701.png, -0.0431, 0.0127, -0.0011, 0.999501182763, -0.000180159001919, -0.000854915263769, -0.0315274853377
rgb/1311875166.621701.png, rgb/1311875166.821990.png, -0.0554, 0.012, 0.0023, 0.999195412333, 0.0062041720079, -0.000988467133445, -0.0392909560562
rgb/1311875166.821990.png, rgb/1311875167.021814.png, -0.0614, 0.0089, -0.0012, 0.999164831309, -0.0035639497612, 0.0001479133103, -0.0426661448683
rgb/1311875167.021814.png, rgb/1311875167.221932.png, -0.0689, 0.006, 0.0011, 0.998898535417, 0.00484053700023, -0.000896713473729, -0.045297668499
rgb/1311875167.221932.png, rgb/1311875167.421790.png, -0.0708, 0.0016, -0.0002, 0.998803238526, -0.00443113140609, -0.00342906691804, -0.0495870523924
rgb/1311875167.421790.png, rgb/1311875167.621951.png, -0.0692, 0.0044, 0.001, 0.998698677908, 0.00143098735398, 0.0013959713339, -0.0502111829969
rgb/1311875167.621951.png, rgb/1311875167.821770.png, -0.0617, 0.0034, -0.0008, 0.998580443744, -0.000745591771896, 0.000393225112497, -0.053128498555
rgb/1311875167.821770.png, rgb/1311875168.021787.png, -0.0542, 0.0072, -0.0031, 0.998969644842, -0.00184090561577, 0.00235374325125, -0.0456699988963
rgb/1311875168.021787.png, rgb/1311875168.221942.png, -0.0561, 0.0175, -0.0017, 0.998956691701, 0.00303263065022, -0.00204838885828, -0.0452536936966
rgb/1311875168.221942.png, rgb/1311875168.421759.png, -0.0524, 0.0287, 0.0004, 0.999378031707, 0.00753332708688, -0.000665946758458, -0.0337389525106
rgb/1311875168.421759.png, rgb/1311875168.621740.png, -0.0531, 0.0333, -0.0002, 0.999403122157, -0.0046388509545, -0.00362495763194, -0.0346597854296
rgb/1311875168.621740.png, rgb/1311875168.821764.png, -0.0516, 0.0281, 0.0003, 0.99942656687, 0.00518074758241, 1.41995822483e-05, -0.031980149144
rgb/1311875168.821764.png, rgb/1311875169.021619.png, -0.053, 0.015, -0.002, 0.999116850343, -0.00325647997522, -0.00151148210062, -0.0426068580933
rgb/1311875169.021619.png, rgb/1311875169.221765.png, -0.0515, -0.0005, -0.0038, 0.999308096651, -0.00687391326974, 0.00249143205853, -0.0363505159365
rgb/1311875169.221765.png, rgb/1311875169.421679.png, -0.0455, -0.0123, -0.0031, 0.999272150283, 0.00227938042973, 0.00104649397069, -0.0373140481425
rgb/1311875169.421679.png, rgb/1311875169.621713.png, -0.0433, -0.0152, -0.0032, 0.999711889864, 0.00730380046261, 0.00420716403869, -0.0225173637386
rgb/1311875169.621713.png, rgb/1311875169.821775.png, -0.0466, -0.0224, 0.0014, 0.999894362822, 0.00430088224495, 0.00348910708483, -0.014585401078
rgb/1311875169.821775.png, rgb/1311875170.021695.png, -0.0481, -0.0253, 0.0089, 1.00000528019, -0.00289951383159, -0.0056188412107, -0.00521668680955
rgb/1311875170.021695.png, rgb/1311875170.221573.png, -0.0469, -0.0286, 0.0032, 0.999982040753, -0.000563396371156, -0.000843304631804, -0.00284090085262
rgb/1311875170.221573.png, rgb/1311875170.421730.png, -0.043, -0.0286, 0.0016, 0.999962220571, -0.00265385987364, -0.00653460119683, -0.00606244833578
rgb/1311875170.421730.png, rgb/1311875170.621599.png, -0.0399, -0.0271, -0.0039, 0.999647589184, 0.000652952984045, 0.0048325440639, -0.0243279660132
rgb/1311875170.621599.png, rgb/1311875170.821545.png, -0.0433, -0.019, -0.0017, 0.999749914242, -0.000262336529825, 0.00147806313276, -0.0234618583317
rgb/1311875170.821545.png, rgb/1311875171.021657.png, -0.0541, -0.0154, -0.0038, 0.999517214974, -0.000770198017761, 0.00153312595984, -0.030560808138
rgb/1311875171.021657.png, rgb/1311875171.221881.png, -0.0694, -0.0128, -0.004, 0.999382436014, -0.00270122491558, -0.000173466737448, -0.0359894778313
rgb/1311875171.221881.png, rgb/1311875171.421655.png, -0.0689, -0.0083, 0.0005, 0.999437376305, -0.00529980641161, 0.00249382772887, -0.0328831870452
rgb/1311875171.421655.png, rgb/1311875171.621660.png, -0.0578, -0.0027, -0.0004, 0.999578748282, -0.000850003288935, -0.000691746400266, -0.0274227408689
rgb/1311875171.621660.png, rgb/1311875171.821639.png, -0.0451, -0.0032, -0.003, 0.999654315989, -0.000179922497417, 0.00059605140173, -0.0261910392296
rgb/1311875171.821639.png, rgb/1311875172.021793.png, -0.0359, -0.0076, -0.0067, 0.99972010919, 0.00464015499552, 0.00710894855032, -0.0241081324396
rgb/1311875172.021793.png, rgb/1311875172.221640.png, -0.0327, -0.0175, 0.0022, 0.99975323474, 0.0016403384891, -0.000972901310566, -0.0210939147859
rgb/1311875172.221640.png, rgb/1311875172.422080.png, -0.03, -0.0274, 0.0011, 0.99977872432, 0.00374379610325, 0.000291147473756, -0.0214093995793
rgb/1311875172.422080.png, rgb/1311875172.621665.png, -0.0356, -0.0324, -0.0036, 0.99988580049, -0.000416238214338, 0.00562381587383, -0.0133351227923
rgb/1311875172.621665.png, rgb/1311875172.821464.png, -0.0389, -0.0406, 0.0052, 0.999980389716, -0.000543797868755, -0.00110197594559, -0.00623860027255
rgb/1311875172.821464.png, rgb/1311875173.021635.png, -0.0382, -0.0463, 0.0084, -1.00001279017, 0.00798548588754, 0.000428955687952, 0.00208296762015
rgb/1311875173.021635.png, rgb/1311875173.222176.png, -0.0329, -0.0438, 0.007, 0.999926205949, -0.00366528454141, -0.00449944729955, -0.00251435731766
rgb/1311875173.222176.png, rgb/1311875173.421579.png, -0.0259, -0.0388, 0.0047, 1.00001424038, 0.00274084394797, -0.00256076908955, -0.00515568910049
rgb/1311875173.421579.png, rgb/1311875173.621629.png, -0.0224, -0.0362, -0.0008, 0.999800848394, 0.00536724377068, 9.24061050827e-05, -0.0202300773022
rgb/1311875173.621629.png, rgb/1311875173.821549.png, -0.029, -0.0285, -0.0034, 0.999746380787, 0.00714987399633, -0.00232760922915, -0.0181820098025
rgb/1311875173.821549.png, rgb/1311875174.022060.png, -0.0405, -0.029, -0.0048, 0.999720679358, -0.00109541173519, -0.00196005467808, -0.026544251336
rgb/1311875174.022060.png, rgb/1311875174.221556.png, -0.0488, -0.0313, -0.002, 0.999522593933, 0.00204493898324, 0.00231606835376, -0.0303201447332
rgb/1311875174.221556.png, rgb/1311875174.421773.png, -0.0462, -0.0309, 0.0026, 0.999396082686, 0.000297744024811, -0.00175459692896, -0.0344873013278
rgb/1311875174.421773.png, rgb/1311875174.621569.png, -0.0379, -0.0293, 0.0007, 0.999369785571, -0.0023253118567, -0.000405790657278, -0.0347387880382
rgb/1311875174.621569.png, rgb/1311875174.822418.png, -0.0292, -0.0299, -0.0011, 0.999466223147, -0.00132121745841, 0.00370630871362, -0.0329925073945
rgb/1311875174.822418.png, rgb/1311875175.021625.png, -0.0176, -0.0355, -0.0016, 0.9992550957, 0.00102413716918, -0.000809350346356, -0.0371538206131
rgb/1311875175.021625.png, rgb/1311875175.222569.png, -0.0094, -0.0401, -0.0049, 0.999669284853, 0.0011025304959, 0.0103407736074, -0.0262234610345
rgb/1311875175.222569.png, rgb/1311875175.423035.png, -0.0055, -0.044, -0.0048, 0.999668909364, 0.00284520765853, 0.00361500938482, -0.0208371419539
rgb/1311875175.423035.png, rgb/1311875175.622893.png, -0.0021, -0.0452, 0.0003, 0.999976497225, 0.00401671417311, -0.000166149613962, -0.0118645006043
rgb/1311875175.622893.png, rgb/1311875175.822900.png, -0.0019, -0.0524, 0.0032, 0.999857968844, -0.00788565418923, 0.00703404725714, -0.0131582971085
rgb/1311875175.822900.png, rgb/1311875176.023104.png, -0.0052, -0.047, 0.0084, 0.999959069698, -0.00563983162196, -0.00381530815697, 0.00316614336614
rgb/1311875176.023104.png, rgb/1311875176.222922.png, -0.002, -0.0433, 0.0029, 1.00000440014, 0.000212246972313, -0.00277669121431, -0.00102235358432
rgb/1311875176.222922.png, rgb/1311875176.423138.png, -0.0022, -0.0388, -0.0029, 0.999930588941, -0.000552088419348, 0.00444869784264, -0.00456837966779
rgb/1311875176.423138.png, rgb/1311875176.621543.png, -0.0034, -0.0391, -0.0019, 0.999769523933, 0.00375177432568, 0.0008894305946, -0.0222988319979
rgb/1311875176.621543.png, rgb/1311875176.821947.png, -0.0155, -0.0426, -0.0022, 0.999716852473, 0.00103175386556, -0.00538038304571, -0.0250864028483
rgb/1311875176.821947.png, rgb/1311875177.022251.png, -0.0234, -0.0509, -0.0042, 0.999361559932, 0.00256673986638, 0.00336536493331, -0.0347535649937
rgb/1311875177.022251.png, rgb/1311875177.222576.png, -0.0284, -0.0558, 0.0049, 0.999259425537, -0.000874177072678, -0.00592958580481, -0.0386473447826
rgb/1311875177.222576.png, rgb/1311875177.421525.png, -0.0253, -0.0475, 0.0039, 0.999296400693, 0.00127692244571, -0.00812754096902, -0.0370671698545
rgb/1311875177.421525.png, rgb/1311875177.622489.png, -0.0199, -0.0397, -0.0004, 0.999522320748, -0.000553274385728, 0.00227598349494, -0.0300342666943
rgb/1311875177.622489.png, rgb/1311875177.821533.png, -0.009, -0.0338, -0.0025, 0.999654645795, 0.000689298433572, -0.000736977633515, -0.0262152801076
rgb/1311875177.821533.png, rgb/1311875178.022418.png, 0.0001, -0.0347, -0.0014, 0.999913211254, -0.00102956512278, 0.000266866143784, -0.00976574888493
rgb/1311875178.022418.png, rgb/1311875178.221486.png, 0.0158, -0.0335, -0.0016, 0.999859011171, 0.00223025965886, -0.000553484659209, -0.0182907353658
rgb/1311875178.221486.png, rgb/1311875178.422280.png, 0.0281, -0.0378, -0.0024, 0.999997639989, 0.00396292882391, 0.00115327547806, -0.00840865994113
rgb/1311875178.422280.png, rgb/1311875178.621521.png, 0.0362, -0.0363, 0.0059, 0.999906787296, -0.00645769455625, 0.00502865640706, -0.0124360266322
rgb/1311875178.621521.png, rgb/1311875178.821550.png, 0.0313, -0.0312, 0.001, 0.999851666836, -0.00219350103763, 0.00545303108097, -0.000697870791665
rgb/1311875178.821550.png, rgb/1311875179.025536.png, 0.0259, -0.0223, 0.0063, 0.999981187213, -0.00811200171193, -0.00458189876248, -0.00663405276858
rgb/1311875179.025536.png, rgb/1311875179.223033.png, 0.0193, -0.0238, 0.0057, 0.999634839927, -0.00385673200456, -0.00481648476217, -0.0269233299754
rgb/1311875179.223033.png, rgb/1311875179.423053.png, 0.0081, -0.0238, 0.0066, -0.999408556858, 0.0054960621225, 0.00590013110091, 0.032699956593
rgb/1311875179.423053.png, rgb/1311875179.625400.png, -0.0021, -0.0174, 0.0042, 0.99978594492, -0.001405919047, -0.00512234086891, -0.0220502934432
rgb/1311875179.625400.png, rgb/1311875179.822892.png, -0.0046, -0.0093, -0.0033, -0.999915951337, -0.00658263527027, 0.00154538541292, 0.00864012253565
rgb/1311875179.822892.png, rgb/1311875180.025061.png, 0.0005, -0.0027, -0.0009, 1.00000151005, 0.00148888736151, -0.00240503650421, -0.0072187896297
